image_id,species_id,common_name,scientific_name,filename,commons_title,license,license_url,artist,credit,source_url,thumb_url,file_size_bytes
41,1,Kakapo,Strigops habroptilus,kakapo_2f7a7c.jpg,File:Kakapo Sirocco 1.jpg,CC BY 2.0,https://creativecommons.org/licenses/by/2.0,Department of Conservation,Kakapo Sirocco,,https://thumb.wikimedia.org/wikipedia/commons/thumb/b/b1/Kakapo_Sirocco_1.jpg/500px-Kakapo_Sirocco_1.jpg?utm_source=commons.wikimedia.org&utm_campaign=imageinfo&utm_content=thumbnail,62103
42,1,Kakapo,Strigops habroptilus,kakapo_e3259d.jpg,File:Ma - Strigops habroptilus - 6.jpg,CC BY-SA 4.0,https://creativecommons.org/licenses/by-sa/4.0,Emőke Dénes,kindly granted by the author,,https://thumb.wikimedia.org/wikipedia/commons/thumb/7/7c/Ma_-_Strigops_habroptilus_-_6.jpg/500px-Ma_-_Strigops_habroptilus_-_6.jpg?utm_source=commons.wikimedia.org&utm_campaign=imageinfo&utm_content=thumbnail,51014
43,2,Kea,Nestor notabilis,kea_2d5851.jpg,File:Kea in Flight MC.jpg,CC BY 2.5,https://creativecommons.org/licenses/by/2.5,"Christian Mehlführer, User:Chmehl",Own work,,https://thumb.wikimedia.org/wikipedia/commons/thumb/9/97/Kea_in_Flight_MC.jpg/500px-Kea_in_Flight_MC.jpg?utm_source=commons.wikimedia.org&utm_campaign=imageinfo&utm_content=thumbnail,53801
44,2,Kea,Nestor notabilis,kea_4fee5f.jpg,"File:Nestor notabilis -Fiordland, New Zealand-8b.jpg",CC BY 2.0,https://creativecommons.org/licenses/by/2.0,Mark Whatmough,"Milford Sound, Key Summit, The Divide, Queenstown",,https://thumb.wikimedia.org/wikipedia/commons/thumb/3/34/Nestor_notabilis_-Fiordland%2C_New_Zealand-8b.jpg/500px-Nestor_notabilis_-Fiordland%2C_New_Zealand-8b.jpg?utm_source=commons.wikimedia.org&utm_campaign=imageinfo&utm_content=thumbnail,52067
45,3,North Island Brown Kiwi,Apteryx mantelli,north_island_brown_kiwi_74c04c.jpg,"File:Apteryx mantelli -Rotorua, North Island, New Zealand-8a.jpg",CC BY 2.0,https://creativecommons.org/licenses/by/2.0,The.Rohit,"Elusive KiwiUploaded by Snowmanradio",,https://thumb.wikimedia.org/wikipedia/commons/thumb/0/02/Apteryx_mantelli_-Rotorua%2C_North_Island%2C_New_Zealand-8a.jpg/500px-Apteryx_mantelli_-Rotorua%2C_North_Island%2C_New_Zealand-8a.jpg?utm_source=commons.wikimedia.org&utm_campaign=imageinfo&utm_content=thumbnail,67155
46,3,North Island Brown Kiwi,Apteryx mantelli,north_island_brown_kiwi_7557e0.jpg,File:Apteryx mantelli 106965242.jpg,CC0,http://creativecommons.org/publicdomain/zero/1.0/deed.en,Peter de Lange,https://www.inaturalist.org/photos/106965242,,https://thumb.wikimedia.org/wikipedia/commons/thumb/4/48/Apteryx_mantelli_106965242.jpg/500px-Apteryx_mantelli_106965242.jpg?utm_source=commons.wikimedia.org&utm_campaign=imageinfo&utm_content=thumbnail,85354
47,4,Yellow-eyed Penguin,Megadyptes antipodes,yellow_eyed_penguin_1c6c8b.jpg,File:Pingüino de ojo amarillo (Megadyptes antipodes).jpg,CC BY-SA 2.0,https://creativecommons.org/licenses/by-sa/2.0,Krzysztof Belczyński,https://www.flickr.com/photos/x-oph/2187435279/,,https://thumb.wikimedia.org/wikipedia/commons/thumb/b/bd/Ping%C3%BCino_de_ojo_amarillo_%28Megadyptes_antipodes%29.jpg/500px-Ping%C3%BCino_de_ojo_amarillo_%28Megadyptes_antipodes%29.jpg?utm_source=commons.wikimedia.org&utm_campaign=imageinfo&utm_content=thumbnail,32151
48,4,Yellow-eyed Penguin,Megadyptes antipodes,yellow_eyed_penguin_0248a6.jpg,File:Yellow-eyed Penguin (Megadyptes antipodes).jpg,CC BY 2.0,https://creativecommons.org/licenses/by/2.0,"Ville Miettinen from Helsinki, Finland",World's rarest penguin,,https://thumb.wikimedia.org/wikipedia/commons/thumb/6/61/Yellow-eyed_Penguin_%28Megadyptes_antipodes%29.jpg/500px-Yellow-eyed_Penguin_%28Megadyptes_antipodes%29.jpg?utm_source=commons.wikimedia.org&utm_campaign=imageinfo&utm_content=thumbnail,76525
49,5,Takahe,Porphyrio hochstetteri,takahe_dcda6b.jpg,File:Porphyrio hochstetteri.jpg,CC BY-SA 4.0,https://creativecommons.org/licenses/by-sa/4.0,Basar,Own work,,https://thumb.wikimedia.org/wikipedia/commons/thumb/a/a3/Porphyrio_hochstetteri.jpg/500px-Porphyrio_hochstetteri.jpg?utm_source=commons.wikimedia.org&utm_campaign=imageinfo&utm_content=thumbnail,84632
50,5,Takahe,Porphyrio hochstetteri,takahe_905b54.jpg,File:Porphyrio hochstetteri -Tiritiri Matangi Island-8b-3c.jpg,CC BY 2.0,https://creativecommons.org/licenses/by/2.0,"Porphyrio_hochstetteri_-Tiritiri_Matangi_Island-8b.jpg: Ashleigh Thompson
derivative work: Snowmanradio (talk)",originally posted to flickr as Takahae and uploaded to commons as Porphyrio_hochstetteri_-Tiritiri_Matangi_Island-8b.jpg,,https://thumb.wikimedia.org/wikipedia/commons/thumb/7/74/Porphyrio_hochstetteri_-Tiritiri_Matangi_Island-8b-3c.jpg/500px-Porphyrio_hochstetteri_-Tiritiri_Matangi_Island-8b-3c.jpg?utm_source=commons.wikimedia.org&utm_campaign=imageinfo&utm_content=thumbnail,104123
51,6,New Zealand Falcon,Falco novaeseelandiae,new_zealand_falcon_f458fe.jpg,File:Falco novaeseelandiae 01.jpg,CC BY 4.0,https://creativecommons.org/licenses/by/4.0,Σ64,Own work,,https://thumb.wikimedia.org/wikipedia/commons/thumb/c/ce/Falco_novaeseelandiae_01.jpg/500px-Falco_novaeseelandiae_01.jpg?utm_source=commons.wikimedia.org&utm_campaign=imageinfo&utm_content=thumbnail,100985
52,6,New Zealand Falcon,Falco novaeseelandiae,new_zealand_falcon_9e4f2b.jpg,File:Falco novaeseelandiae 1256723.jpg,CC BY 4.0,https://creativecommons.org/licenses/by/4.0,John Barkla,https://www.inaturalist.org/photos/1256723,,https://thumb.wikimedia.org/wikipedia/commons/thumb/a/a7/Falco_novaeseelandiae_1256723.jpg/500px-Falco_novaeseelandiae_1256723.jpg?utm_source=commons.wikimedia.org&utm_campaign=imageinfo&utm_content=thumbnail,56914
53,7,Pukeko,Porphyrio melanotus,pukeko_b38314.jpg,File:Australasian Swamphen - AndrewMercer IMG05039.jpg,CC BY-SA 4.0,https://creativecommons.org/licenses/by-sa/4.0,Andrew Mercer (www.baldwhiteguy.co.nz),Own work,,https://thumb.wikimedia.org/wikipedia/commons/thumb/9/92/Australasian_Swamphen_-_AndrewMercer_IMG05039.jpg/500px-Australasian_Swamphen_-_AndrewMercer_IMG05039.jpg?utm_source=commons.wikimedia.org&utm_campaign=imageinfo&utm_content=thumbnail,44213
54,7,Pukeko,Porphyrio melanotus,pukeko_74f7c9.jpg,File:Australasian swamphen (Porphyrio melanotus) Tiritiri Matangi.jpg,CC BY-SA 4.0,https://creativecommons.org/licenses/by-sa/4.0,Charles J. Sharp,"Own work, from Sharp Photography, sharpphotography.co.uk",,https://thumb.wikimedia.org/wikipedia/commons/thumb/5/5a/Australasian_swamphen_%28Porphyrio_melanotus%29_Tiritiri_Matangi.jpg/500px-Australasian_swamphen_%28Porphyrio_melanotus%29_Tiritiri_Matangi.jpg?utm_source=commons.wikimedia.org&utm_campaign=imageinfo&utm_content=thumbnail,42035
55,8,Hector's Dolphin,Cephalorhynchus hectori,hector_s_dolphin_1ffd8c.jpg,File:Cephalorhynchus hectori 358055594.jpg,CC BY 4.0,https://creativecommons.org/licenses/by/4.0,Julien Renoult,https://www.inaturalist.org/photos/358055594,,https://thumb.wikimedia.org/wikipedia/commons/thumb/e/e2/Cephalorhynchus_hectori_358055594.jpg/500px-Cephalorhynchus_hectori_358055594.jpg?utm_source=commons.wikimedia.org&utm_campaign=imageinfo&utm_content=thumbnail,22048
56,8,Hector's Dolphin,Cephalorhynchus hectori,hector_s_dolphin_c6e6f9.jpg,File:Cephalorhynchus hectori 358056213.jpg,CC BY 4.0,https://creativecommons.org/licenses/by/4.0,Julien Renoult,https://www.inaturalist.org/photos/358056213,,https://thumb.wikimedia.org/wikipedia/commons/thumb/9/91/Cephalorhynchus_hectori_358056213.jpg/500px-Cephalorhynchus_hectori_358056213.jpg?utm_source=commons.wikimedia.org&utm_campaign=imageinfo&utm_content=thumbnail,44484
57,9,Maui Dolphin,Cephalorhynchus hectori maui,maui_dolphin_5aba4e.jpg,File:Hector's Dolphins at Porpoise Bay 1999 a cropped.jpg,CC BY-SA 3.0,https://creativecommons.org/licenses/by-sa/3.0,Avenue,Own work,,https://thumb.wikimedia.org/wikipedia/commons/thumb/b/be/Hector%27s_Dolphins_at_Porpoise_Bay_1999_a_cropped.jpg/500px-Hector%27s_Dolphins_at_Porpoise_Bay_1999_a_cropped.jpg?utm_source=commons.wikimedia.org&utm_campaign=imageinfo&utm_content=thumbnail,25810
58,9,Maui Dolphin,Cephalorhynchus hectori maui,maui_dolphin_b86ef7.jpg,File:Hectors delfin.jpg,CC BY-SA 3.0,http://creativecommons.org/licenses/by-sa/3.0/,,,,https://thumb.wikimedia.org/wikipedia/commons/thumb/f/f4/Hectors_delfin.jpg/500px-Hectors_delfin.jpg?utm_source=commons.wikimedia.org&utm_campaign=imageinfo&utm_content=thumbnail,28741
59,10,Long-tailed Bat,Chalinolobus tuberculatus,long_tailed_bat_72df7e.jpg,File:Chalinolobus tuberculatus (AM LM470).jpg,CC BY 4.0,https://creativecommons.org/licenses/by/4.0,,"API data
Catalogue recordPhoto",,https://thumb.wikimedia.org/wikipedia/commons/thumb/3/35/Chalinolobus_tuberculatus_%28AM_LM470%29.jpg/500px-Chalinolobus_tuberculatus_%28AM_LM470%29.jpg?utm_source=commons.wikimedia.org&utm_campaign=imageinfo&utm_content=thumbnail,41825
60,10,Long-tailed Bat,Chalinolobus tuberculatus,long_tailed_bat_a09e3d.jpg,File:Chalinolobus tuberculatus (AM LM471).jpg,CC BY 4.0,https://creativecommons.org/licenses/by/4.0,,"API data
Catalogue recordPhoto",,https://thumb.wikimedia.org/wikipedia/commons/thumb/5/5a/Chalinolobus_tuberculatus_%28AM_LM471%29.jpg/500px-Chalinolobus_tuberculatus_%28AM_LM471%29.jpg?utm_source=commons.wikimedia.org&utm_campaign=imageinfo&utm_content=thumbnail,40373
61,11,Short-tailed Bat,Mystacina tuberculata,short_tailed_bat_73f20d.jpg,File:Bat flies on short tailed bat in Fiordland photo by Bex Jackson-Department of Conservation.jpg,CC BY 4.0,https://creativecommons.org/licenses/by/4.0,Bex Jackson/Department of Conservation,https://blog.doc.govt.nz/2020/02/25/fiordland-bat-diaries-bat-flies/,,https://thumb.wikimedia.org/wikipedia/commons/thumb/f/f5/Bat_flies_on_short_tailed_bat_in_Fiordland_photo_by_Bex_Jackson-Department_of_Conservation.jpg/500px-Bat_flies_on_short_tailed_bat_in_Fiordland_photo_by_Bex_Jackson-Department_of_Conservation.jpg?utm_source=commons.wikimedia.org&utm_campaign=imageinfo&utm_content=thumbnail,129074
62,11,Short-tailed Bat,Mystacina tuberculata,short_tailed_bat_99a6d2.jpg,File:MystacinaTuberculataFord.jpg,Public domain,,GH Ford,Proceedings of the Zoological Society of London 1857 (web),,https://thumb.wikimedia.org/wikipedia/commons/thumb/a/a9/MystacinaTuberculataFord.jpg/500px-MystacinaTuberculataFord.jpg?utm_source=commons.wikimedia.org&utm_campaign=imageinfo&utm_content=thumbnail,26593
63,12,New Zealand Fur Seal,Arctocephalus forsteri,new_zealand_fur_seal_dc1758.jpg,File:Arctocephalus forsteri LC0255.jpg,CC BY-SA 3.0 de,https://creativecommons.org/licenses/by-sa/3.0/de/deed.en,Jörg Hempel,Own work,,https://thumb.wikimedia.org/wikipedia/commons/thumb/1/14/Arctocephalus_forsteri_LC0255.jpg/500px-Arctocephalus_forsteri_LC0255.jpg?utm_source=commons.wikimedia.org&utm_campaign=imageinfo&utm_content=thumbnail,61613
64,12,New Zealand Fur Seal,Arctocephalus forsteri,new_zealand_fur_seal_4b0655.jpg,File:New Zealand Fur Seal (Arctocephalus forsteri) shaking off water.jpg,CC BY-SA 3.0,https://creativecommons.org/licenses/by-sa/3.0,Avenue,Own work,,https://thumb.wikimedia.org/wikipedia/commons/thumb/2/29/New_Zealand_Fur_Seal_%28Arctocephalus_forsteri%29_shaking_off_water.jpg/500px-New_Zealand_Fur_Seal_%28Arctocephalus_forsteri%29_shaking_off_water.jpg?utm_source=commons.wikimedia.org&utm_campaign=imageinfo&utm_content=thumbnail,125384
65,13,New Zealand Sea Lion,Phocarctos hookeri,new_zealand_sea_lion_967f0e.jpg,File:New Zealand sea lion.jpg,CC BY-SA 4.0,https://creativecommons.org/licenses/by-sa/4.0,Bernard Gagnon,Own work,,https://thumb.wikimedia.org/wikipedia/commons/thumb/6/6e/New_Zealand_sea_lion.jpg/500px-New_Zealand_sea_lion.jpg?utm_source=commons.wikimedia.org&utm_campaign=imageinfo&utm_content=thumbnail,62984
66,13,New Zealand Sea Lion,Phocarctos hookeri,new_zealand_sea_lion_37aa8c.jpg,File:New Zealand sea lions.jpg,CC BY-SA 4.0,https://creativecommons.org/licenses/by-sa/4.0,Bernard Gagnon,Own work,,https://thumb.wikimedia.org/wikipedia/commons/thumb/8/85/New_Zealand_sea_lions.jpg/500px-New_Zealand_sea_lions.jpg?utm_source=commons.wikimedia.org&utm_campaign=imageinfo&utm_content=thumbnail,76829
67,14,Tuatara,Sphenodon punctatus,tuatara_0dbbfd.jpg,File:Sphenodon punctatus 106371236.jpg,CC BY 4.0,https://creativecommons.org/licenses/by/4.0,wild_wind,https://www.inaturalist.org/photos/106371236,,https://thumb.wikimedia.org/wikipedia/commons/thumb/1/13/Sphenodon_punctatus_106371236.jpg/500px-Sphenodon_punctatus_106371236.jpg?utm_source=commons.wikimedia.org&utm_campaign=imageinfo&utm_content=thumbnail,112211
68,14,Tuatara,Sphenodon punctatus,tuatara_ecf5f2.jpg,File:Sphenodon punctatus 106894916.jpg,CC BY 4.0,https://creativecommons.org/licenses/by/4.0,wild_wind,https://www.inaturalist.org/photos/106894916,,https://thumb.wikimedia.org/wikipedia/commons/thumb/7/77/Sphenodon_punctatus_106894916.jpg/500px-Sphenodon_punctatus_106894916.jpg?utm_source=commons.wikimedia.org&utm_campaign=imageinfo&utm_content=thumbnail,114836
69,15,Otago Skink,Oligosoma otagense,otago_skink_614f80.jpg,File:Maximum Likelihood (ML) phylogram for the New Zealand skink lineage containing the Otago skink (Oligosoma otagense).tif,CC BY 4.0,https://creativecommons.org/licenses/by/4.0,"David G. Chapple
Alisha Birkett
Kimberly A. Miller
Charles H. DaughertyDianne M. Gleeson",http://figshare.com/articles/_Maximum_Likelihood_ML_phylogram_for_the_New_Zealand_skink_lineage_containing_the_Otago_skink_Oligosoma_otagense_/324767,,https://thumb.wikimedia.org/wikipedia/commons/thumb/b/b9/Maximum_Likelihood_%28ML%29_phylogram_for_the_New_Zealand_skink_lineage_containing_the_Otago_skink_%28Oligosoma_otagense%29.tif/lossy-page1-500px-Maximum_Likelihood_%28ML%29_phylogram_for_the_New_Zealand_skink_lineage_containing_the_Otago_skink_%28Oligosoma_otagense%29.tif.jpg?utm_source=commons.wikimedia.org&utm_campaign=imageinfo&utm_content=thumbnail,37176
70,15,Otago Skink,Oligosoma otagense,otago_skink_182092.jpg,File:Oligosoma otagense 01.jpg,CC BY 4.0,https://creativecommons.org/licenses/by/4.0,Σ64,Own work,,https://thumb.wikimedia.org/wikipedia/commons/thumb/a/ad/Oligosoma_otagense_01.jpg/500px-Oligosoma_otagense_01.jpg?utm_source=commons.wikimedia.org&utm_campaign=imageinfo&utm_content=thumbnail,35193
71,16,Grand Skink,Oligosoma grande,grand_skink_3fc103.jpg,File:Oligosoma grande 1.jpg,CC BY-SA 4.0,https://creativecommons.org/licenses/by-sa/4.0,meurkc,https://www.inaturalist.org/observations/951130,,https://thumb.wikimedia.org/wikipedia/commons/thumb/9/93/Oligosoma_grande_1.jpg/500px-Oligosoma_grande_1.jpg?utm_source=commons.wikimedia.org&utm_campaign=imageinfo&utm_content=thumbnail,78783
72,16,Grand Skink,Oligosoma grande,grand_skink_2f3182.jpg,File:Oligosoma grande 2.jpg,CC BY-SA 4.0,https://creativecommons.org/licenses/by-sa/4.0,meurkc,https://www.inaturalist.org/observations/951271,,https://thumb.wikimedia.org/wikipedia/commons/thumb/b/b3/Oligosoma_grande_2.jpg/500px-Oligosoma_grande_2.jpg?utm_source=commons.wikimedia.org&utm_campaign=imageinfo&utm_content=thumbnail,98557
73,17,Jewelled Gecko,Naultinus gemmeus,jewelled_gecko_de645b.jpg,File:Jewelled gecko at Dunedin Wildlife Hospital.jpg,CC BY 2.0,https://creativecommons.org/licenses/by/2.0,Kimberley Collins,https://www.flickr.com/photos/114706196@N08/50433618726/,,https://thumb.wikimedia.org/wikipedia/commons/thumb/e/e7/Jewelled_gecko_at_Dunedin_Wildlife_Hospital.jpg/500px-Jewelled_gecko_at_Dunedin_Wildlife_Hospital.jpg?utm_source=commons.wikimedia.org&utm_campaign=imageinfo&utm_content=thumbnail,26367
74,17,Jewelled Gecko,Naultinus gemmeus,jewelled_gecko_d6b2e7.jpg,File:Jewelled gecko looking out from shrub.jpg,Public domain,,Pseudopanax at English Wikipedia,Own work,,https://thumb.wikimedia.org/wikipedia/commons/thumb/4/4b/Jewelled_gecko_looking_out_from_shrub.jpg/500px-Jewelled_gecko_looking_out_from_shrub.jpg?utm_source=commons.wikimedia.org&utm_campaign=imageinfo&utm_content=thumbnail,69471
75,18,Chesterfield Skink,Oligosoma waimatense,chesterfield_skink_d1a918.jpg,File:Maximum Likelihood (ML) phylogram for the New Zealand skink lineage containing the Otago skink (Oligosoma otagense).tif,CC BY 4.0,https://creativecommons.org/licenses/by/4.0,"David G. Chapple
Alisha Birkett
Kimberly A. Miller
Charles H. DaughertyDianne M. Gleeson",http://figshare.com/articles/_Maximum_Likelihood_ML_phylogram_for_the_New_Zealand_skink_lineage_containing_the_Otago_skink_Oligosoma_otagense_/324767,,https://thumb.wikimedia.org/wikipedia/commons/thumb/b/b9/Maximum_Likelihood_%28ML%29_phylogram_for_the_New_Zealand_skink_lineage_containing_the_Otago_skink_%28Oligosoma_otagense%29.tif/lossy-page1-500px-Maximum_Likelihood_%28ML%29_phylogram_for_the_New_Zealand_skink_lineage_containing_the_Otago_skink_%28Oligosoma_otagense%29.tif.jpg?utm_source=commons.wikimedia.org&utm_campaign=imageinfo&utm_content=thumbnail,37176
76,18,Chesterfield Skink,Oligosoma waimatense,chesterfield_skink_9916fb.jpg,File:Oligosoma waimatense LH2656.jpg,CC BY 4.0,https://creativecommons.org/licenses/by/4.0,Auckland War Memorial Museum,http://www.aucklandmuseum.com/collections-research/collections/record/am_naturalsciences-object-602125?p=3&amp;srt=oldest&amp;pht=True&amp;dept=reptiles%20and%20amphibians%2Fland%20vertebrates&amp;ordinal=57,,https://thumb.wikimedia.org/wikipedia/commons/thumb/9/9e/Oligosoma_waimatense_LH2656.jpg/500px-Oligosoma_waimatense_LH2656.jpg?utm_source=commons.wikimedia.org&utm_campaign=imageinfo&utm_content=thumbnail,31278
77,19,Archey's Frog,Leiopelma archeyi,archey_s_frog_a1212b.jpg,File:Leiopelma archeyi.jpg,CC BY-SA 2.5,https://creativecommons.org/licenses/by-sa/2.5,David M. Green,http://calphotos.berkeley.edu,,https://thumb.wikimedia.org/wikipedia/commons/thumb/3/3f/Leiopelma_archeyi.jpg/500px-Leiopelma_archeyi.jpg?utm_source=commons.wikimedia.org&utm_campaign=imageinfo&utm_content=thumbnail,62102
78,19,Archey's Frog,Leiopelma archeyi,archey_s_frog_7b6bf6.jpg,File:Leiopelma archeyi (AM LH43-1).jpg,CC BY 4.0,https://creativecommons.org/licenses/by/4.0,,"API data
Catalogue recordPhoto",,https://thumb.wikimedia.org/wikipedia/commons/thumb/6/68/Leiopelma_archeyi_%28AM_LH43-1%29.jpg/500px-Leiopelma_archeyi_%28AM_LH43-1%29.jpg?utm_source=commons.wikimedia.org&utm_campaign=imageinfo&utm_content=thumbnail,17400
79,20,Hamilton's Frog,Leiopelma hamiltoni,hamilton_s_frog_ef3895.jpg,File:Leiopelma hamiltoni02.jpg,CC BY-SA 2.5,https://creativecommons.org/licenses/by-sa/2.5,Phil Bishop,http://calphotos.berkeley.edu,,https://thumb.wikimedia.org/wikipedia/commons/thumb/6/67/Leiopelma_hamiltoni02.jpg/500px-Leiopelma_hamiltoni02.jpg?utm_source=commons.wikimedia.org&utm_campaign=imageinfo&utm_content=thumbnail,104813
80,20,Hamilton's Frog,Leiopelma hamiltoni,hamilton_s_frog_852a28.jpg,File:Leiopelma hamiltoni04.jpg,CC BY-SA 2.5,https://creativecommons.org/licenses/by-sa/2.5,Phil Bishop,http://calphotos.berkeley.edu,,https://thumb.wikimedia.org/wikipedia/commons/thumb/9/93/Leiopelma_hamiltoni04.jpg/500px-Leiopelma_hamiltoni04.jpg?utm_source=commons.wikimedia.org&utm_campaign=imageinfo&utm_content=thumbnail,84174
81,21,Hochstetter's Frog,Leiopelma hochstetteri,hochstetter_s_frog_3f222f.jpg,File:Leiopelma hochstetteri.jpg,CC BY 4.0,https://creativecommons.org/licenses/by/4.0,Reallyoriginalusername,Own work,,https://thumb.wikimedia.org/wikipedia/commons/thumb/6/68/Leiopelma_hochstetteri.jpg/500px-Leiopelma_hochstetteri.jpg?utm_source=commons.wikimedia.org&utm_campaign=imageinfo&utm_content=thumbnail,56006
82,21,Hochstetter's Frog,Leiopelma hochstetteri,hochstetter_s_frog_398138.jpg,File:Leiopelma hochstetteri 150024938.jpg,CC BY 4.0,https://creativecommons.org/licenses/by/4.0,Oscar Dove,https://www.inaturalist.org/photos/150024938,,https://thumb.wikimedia.org/wikipedia/commons/thumb/f/f0/Leiopelma_hochstetteri_150024938.jpg/500px-Leiopelma_hochstetteri_150024938.jpg?utm_source=commons.wikimedia.org&utm_campaign=imageinfo&utm_content=thumbnail,55449
83,22,Longfin Eel,Anguilla dieffenbachii,longfin_eel_eabbee.jpg,File:Anguilla dieffenbachii 23711946.jpg,CC BY 4.0,https://creativecommons.org/licenses/by/4.0,nick_goldwater,https://www.inaturalist.org/photos/23711946,,https://thumb.wikimedia.org/wikipedia/commons/thumb/f/f1/Anguilla_dieffenbachii_23711946.jpg/500px-Anguilla_dieffenbachii_23711946.jpg?utm_source=commons.wikimedia.org&utm_campaign=imageinfo&utm_content=thumbnail,52304
84,22,Longfin Eel,Anguilla dieffenbachii,longfin_eel_653a25.jpg,File:Anguilla dieffenbachii 247150587.jpg,CC0,http://creativecommons.org/publicdomain/zero/1.0/deed.en,Squeegie,https://www.inaturalist.org/photos/247150587,,https://thumb.wikimedia.org/wikipedia/commons/thumb/2/2c/Anguilla_dieffenbachii_247150587.jpg/500px-Anguilla_dieffenbachii_247150587.jpg?utm_source=commons.wikimedia.org&utm_campaign=imageinfo&utm_content=thumbnail,60840
85,23,Giant Kokopu,Galaxias argenteus,giant_kokopu_0af86e.jpg,"File:25cm giant kokopu (Galaxias argenteus) from Wainui Stream, Paekakariki. Photo by Stella McQueen.jpg",CC BY-SA 4.0,https://creativecommons.org/licenses/by-sa/4.0,StellaMcQ,Own work,,https://thumb.wikimedia.org/wikipedia/commons/thumb/d/d5/25cm_giant_kokopu_%28Galaxias_argenteus%29_from_Wainui_Stream%2C_Paekakariki._Photo_by_Stella_McQueen.jpg/500px-25cm_giant_kokopu_%28Galaxias_argenteus%29_from_Wainui_Stream%2C_Paekakariki._Photo_by_Stella_McQueen.jpg?utm_source=commons.wikimedia.org&utm_campaign=imageinfo&utm_content=thumbnail,57423
86,23,Giant Kokopu,Galaxias argenteus,giant_kokopu_190623.jpg,File:Galaxias argenteus 254943046.jpg,CC BY-SA 4.0,https://creativecommons.org/licenses/by-sa/4.0,Christopher Stephens,https://www.inaturalist.org/photos/254943046,,https://thumb.wikimedia.org/wikipedia/commons/thumb/0/0e/Galaxias_argenteus_254943046.jpg/500px-Galaxias_argenteus_254943046.jpg?utm_source=commons.wikimedia.org&utm_campaign=imageinfo&utm_content=thumbnail,49801
87,24,Black Stilt / Kaki,Himantopus novaezelandiae,black_stilt_kaki_9c4435.jpg,File:Black Stilt 0A2A2016.jpg,CC BY-SA 4.0,https://creativecommons.org/licenses/by-sa/4.0,JJ Harrison,Own work,,https://thumb.wikimedia.org/wikipedia/commons/thumb/2/2d/Black_Stilt_0A2A2016.jpg/500px-Black_Stilt_0A2A2016.jpg?utm_source=commons.wikimedia.org&utm_campaign=imageinfo&utm_content=thumbnail,22220
88,24,Black Stilt / Kaki,Himantopus novaezelandiae,black_stilt_kaki_2521e3.jpg,File:Black Stilt juv - South Island - New Zealand (38506915434).jpg,CC BY-SA 2.0,https://creativecommons.org/licenses/by-sa/2.0,Francesco Veronesi from Italy,Black Stilt juv - South Island - New Zealand_FJ0A4854,,https://thumb.wikimedia.org/wikipedia/commons/thumb/f/fa/Black_Stilt_juv_-_South_Island_-_New_Zealand_%2838506915434%29.jpg/500px-Black_Stilt_juv_-_South_Island_-_New_Zealand_%2838506915434%29.jpg?utm_source=commons.wikimedia.org&utm_campaign=imageinfo&utm_content=thumbnail,68934
89,25,Blue Duck / Whio,Hymenolaimus malacorhynchos,blue_duck_whio_745bb7.jpg,File:Hymenolaimus malacorhynchos 1183003.jpg,CC BY 4.0,https://creativecommons.org/licenses/by/4.0,Jon Sullivan,https://www.inaturalist.org/photos/1183003,,https://thumb.wikimedia.org/wikipedia/commons/thumb/3/34/Hymenolaimus_malacorhynchos_1183003.jpg/500px-Hymenolaimus_malacorhynchos_1183003.jpg?utm_source=commons.wikimedia.org&utm_campaign=imageinfo&utm_content=thumbnail,88722
90,25,Blue Duck / Whio,Hymenolaimus malacorhynchos,blue_duck_whio_ceba38.jpg,File:Hymenolaimus malacorhynchos 1210017.jpg,CC BY 4.0,https://creativecommons.org/licenses/by/4.0,John Barkla,https://www.inaturalist.org/photos/1210017,,https://thumb.wikimedia.org/wikipedia/commons/thumb/4/47/Hymenolaimus_malacorhynchos_1210017.jpg/500px-Hymenolaimus_malacorhynchos_1210017.jpg?utm_source=commons.wikimedia.org&utm_campaign=imageinfo&utm_content=thumbnail,49126
91,26,Kokako,Callaeas wilsoni,kokako_757295.jpg,"File:Callaeas wilsoni, Tiritiri Matangi Island 1.jpg",CC BY-SA 2.0,https://creativecommons.org/licenses/by-sa/2.0,"Duncan from Wellington, NZ",Kokako,,https://thumb.wikimedia.org/wikipedia/commons/thumb/0/0e/Callaeas_wilsoni%2C_Tiritiri_Matangi_Island_1.jpg/500px-Callaeas_wilsoni%2C_Tiritiri_Matangi_Island_1.jpg?utm_source=commons.wikimedia.org&utm_campaign=imageinfo&utm_content=thumbnail,50185
92,26,Kokako,Callaeas wilsoni,kokako_3ae55b.jpg,File:Callaeas wilsoni (North Island Kokako) (48719350586).jpg,CC BY 2.0,https://creativecommons.org/licenses/by/2.0,"Auckland Museum  Collections from Auckland, Aotearoa New Zealand",Callaeas wilsoni (North Island Kokako),,https://thumb.wikimedia.org/wikipedia/commons/thumb/b/b2/Callaeas_wilsoni_%28North_Island_Kokako%29_%2848719350586%29.jpg/500px-Callaeas_wilsoni_%28North_Island_Kokako%29_%2848719350586%29.jpg?utm_source=commons.wikimedia.org&utm_campaign=imageinfo&utm_content=thumbnail,23197
93,27,Black Robin,Petroica traversi,black_robin_2b3e50.jpg,File:Black Robin on Rangatira Island.jpg,CC BY-SA 2.0,https://creativecommons.org/licenses/by-sa/2.0,frances schmechel,originally posted to Flickr as DSCF3430 black robin by NG,,https://thumb.wikimedia.org/wikipedia/commons/thumb/4/4a/Black_Robin_on_Rangatira_Island.jpg/500px-Black_Robin_on_Rangatira_Island.jpg?utm_source=commons.wikimedia.org&utm_campaign=imageinfo&utm_content=thumbnail,47399
94,27,Black Robin,Petroica traversi,black_robin_bdc439.jpg,File:Petroica traversi (AM LB2068).jpg,CC BY 4.0,https://creativecommons.org/licenses/by/4.0,Auckland Museum,http://www.aucklandmuseum.com/collections-research/collections/record/am_naturalsciences-object-131427,,https://thumb.wikimedia.org/wikipedia/commons/thumb/6/6f/Petroica_traversi_%28AM_LB2068%29.jpg/500px-Petroica_traversi_%28AM_LB2068%29.jpg?utm_source=commons.wikimedia.org&utm_campaign=imageinfo&utm_content=thumbnail,32380
95,28,Shore Plover,Thinornis novaeseelandiae,shore_plover_95801b.jpg,File:Charadrius novaeseelandiae 106906705.jpg,CC BY 4.0,https://creativecommons.org/licenses/by/4.0,Joe Dillon,https://www.inaturalist.org/photos/106906705,,https://thumb.wikimedia.org/wikipedia/commons/thumb/2/26/Charadrius_novaeseelandiae_106906705.jpg/500px-Charadrius_novaeseelandiae_106906705.jpg?utm_source=commons.wikimedia.org&utm_campaign=imageinfo&utm_content=thumbnail,30485
96,28,Shore Plover,Thinornis novaeseelandiae,shore_plover_91b74f.jpg,File:Thinornis novaeseelandiae 11959710.jpg,CC BY 4.0,https://creativecommons.org/licenses/by/4.0,Shaun Lee,https://www.inaturalist.org/photos/11959710,,https://thumb.wikimedia.org/wikipedia/commons/thumb/9/99/Thinornis_novaeseelandiae_11959710.jpg/500px-Thinornis_novaeseelandiae_11959710.jpg?utm_source=commons.wikimedia.org&utm_campaign=imageinfo&utm_content=thumbnail,88981
97,29,Fairy Tern,Sternula nereis davisae,fairy_tern_338068.jpg,File:New Zealand Fairy Tern on shell-beach.jpg,CC BY-SA 4.0,https://creativecommons.org/licenses/by-sa/4.0,Tergiversation,Own work,,https://thumb.wikimedia.org/wikipedia/commons/thumb/d/dc/New_Zealand_Fairy_Tern_on_shell-beach.jpg/500px-New_Zealand_Fairy_Tern_on_shell-beach.jpg?utm_source=commons.wikimedia.org&utm_campaign=imageinfo&utm_content=thumbnail,65036
98,29,Fairy Tern,Sternula nereis davisae,fairy_tern_e34438.jpg,File:New Zealand Fairy Tern on shell-beach (cropped).jpg,CC BY-SA 4.0,https://creativecommons.org/licenses/by-sa/4.0,Tergiversation,Own work,,https://thumb.wikimedia.org/wikipedia/commons/thumb/2/28/New_Zealand_Fairy_Tern_on_shell-beach_%28cropped%29.jpg/500px-New_Zealand_Fairy_Tern_on_shell-beach_%28cropped%29.jpg?utm_source=commons.wikimedia.org&utm_campaign=imageinfo&utm_content=thumbnail,71215
99,30,Chatham Island Taiko,Pterodroma magentae,chatham_island_taiko_dec3fe.jpg,File:OestrelataMagentaeKeulemans.jpg,Public domain,,John Gerrard Keulemans,Ornithological Miscellany. Volume 1,,https://thumb.wikimedia.org/wikipedia/commons/thumb/e/e5/OestrelataMagentaeKeulemans.jpg/500px-OestrelataMagentaeKeulemans.jpg?utm_source=commons.wikimedia.org&utm_campaign=imageinfo&utm_content=thumbnail,43005
100,30,Chatham Island Taiko,Pterodroma magentae,chatham_island_taiko_022f69.jpg,File:Pterodroma magentae 1251791.jpg,CC BY 4.0,https://creativecommons.org/licenses/by/4.0,John Barkla,https://www.inaturalist.org/photos/1251791,,https://thumb.wikimedia.org/wikipedia/commons/thumb/3/38/Pterodroma_magentae_1251791.jpg/500px-Pterodroma_magentae_1251791.jpg?utm_source=commons.wikimedia.org&utm_campaign=imageinfo&utm_content=thumbnail,78122
101,31,Antipodean Albatross,Diomedea antipodensis,antipodean_albatross_bf60a9.jpg,File:Antipodean albatross 1.jpg,CC BY-SA 4.0,https://creativecommons.org/licenses/by-sa/4.0,OKNZ,Own work,,https://thumb.wikimedia.org/wikipedia/commons/thumb/9/97/Antipodean_albatross_1.jpg/500px-Antipodean_albatross_1.jpg?utm_source=commons.wikimedia.org&utm_campaign=imageinfo&utm_content=thumbnail,33491
102,31,Antipodean Albatross,Diomedea antipodensis,antipodean_albatross_d6de9f.jpg,File:Antipodean albatross 2.jpg,CC BY-SA 4.0,https://creativecommons.org/licenses/by-sa/4.0,OKNZ,Own work,,https://thumb.wikimedia.org/wikipedia/commons/thumb/0/0c/Antipodean_albatross_2.jpg/500px-Antipodean_albatross_2.jpg?utm_source=commons.wikimedia.org&utm_campaign=imageinfo&utm_content=thumbnail,28225
103,32,Buller's Shearwater,Ardenna bulleri,buller_s_shearwater_fe1145.jpg,File:Buller's Shearwater (Puffinus bulleri) (10573504913).jpg,CC BY-SA 2.0,https://creativecommons.org/licenses/by-sa/2.0,"Gregory ""Slobirdr"" Smith",Buller's Shearwater (Puffinus bulleri),,https://thumb.wikimedia.org/wikipedia/commons/thumb/c/c8/Buller%27s_Shearwater_%28Puffinus_bulleri%29_%2810573504913%29.jpg/500px-Buller%27s_Shearwater_%28Puffinus_bulleri%29_%2810573504913%29.jpg?utm_source=commons.wikimedia.org&utm_campaign=imageinfo&utm_content=thumbnail,30829
104,32,Buller's Shearwater,Ardenna bulleri,buller_s_shearwater_1062eb.jpg,File:Buller's Shearwater 0A2A8858.jpg,CC BY-SA 3.0,https://creativecommons.org/licenses/by-sa/3.0,JJ Harrison,Own work,,https://thumb.wikimedia.org/wikipedia/commons/thumb/e/ed/Buller%27s_Shearwater_0A2A8858.jpg/500px-Buller%27s_Shearwater_0A2A8858.jpg?utm_source=commons.wikimedia.org&utm_campaign=imageinfo&utm_content=thumbnail,11348
105,33,Fernbird,Poodytes punctatus,fernbird_488ad6.jpg,File:New Zealand Fernbird - New Zealand (27507282949).jpg,CC BY-SA 2.0,https://creativecommons.org/licenses/by-sa/2.0,Francesco Veronesi from Italy,New Zealand Fernbird - New Zealand_FJ0A4109,,https://thumb.wikimedia.org/wikipedia/commons/thumb/6/64/New_Zealand_Fernbird_-_New_Zealand_%2827507282949%29.jpg/500px-New_Zealand_Fernbird_-_New_Zealand_%2827507282949%29.jpg?utm_source=commons.wikimedia.org&utm_campaign=imageinfo&utm_content=thumbnail,113512
106,33,Fernbird,Poodytes punctatus,fernbird_6964c0.jpg,File:New Zealand Fernbird - New Zealand (39254373902).jpg,CC BY-SA 2.0,https://creativecommons.org/licenses/by-sa/2.0,Francesco Veronesi from Italy,New Zealand Fernbird - New Zealand_FJ0A0312,,https://thumb.wikimedia.org/wikipedia/commons/thumb/3/31/New_Zealand_Fernbird_-_New_Zealand_%2839254373902%29.jpg/500px-New_Zealand_Fernbird_-_New_Zealand_%2839254373902%29.jpg?utm_source=commons.wikimedia.org&utm_campaign=imageinfo&utm_content=thumbnail,61359
107,34,Whitehead,Mohoua albicilla,whitehead_500826.jpg,File:Mohoua albicilla 34872017.jpg,CC BY-SA 4.0,https://creativecommons.org/licenses/by-sa/4.0,Christopher Stephens,https://www.inaturalist.org/photos/34872017,,https://thumb.wikimedia.org/wikipedia/commons/thumb/5/52/Mohoua_albicilla_34872017.jpg/500px-Mohoua_albicilla_34872017.jpg?utm_source=commons.wikimedia.org&utm_campaign=imageinfo&utm_content=thumbnail,23333
108,34,Whitehead,Mohoua albicilla,whitehead_7ad99c.jpg,File:Mohoua albicilla 37972561.jpg,CC BY-SA 4.0,https://creativecommons.org/licenses/by-sa/4.0,Christopher Stephens,https://www.inaturalist.org/photos/37972561,,https://thumb.wikimedia.org/wikipedia/commons/thumb/2/2e/Mohoua_albicilla_37972561.jpg/500px-Mohoua_albicilla_37972561.jpg?utm_source=commons.wikimedia.org&utm_campaign=imageinfo&utm_content=thumbnail,43604
109,35,Weka,Gallirallus australis,weka_14a5ea.jpg,File:0A2A9595 Weka.jpg,CC BY-SA 4.0,https://creativecommons.org/licenses/by-sa/4.0,JJ Harrison,Own work,,https://thumb.wikimedia.org/wikipedia/commons/thumb/b/b7/0A2A9595_Weka.jpg/500px-0A2A9595_Weka.jpg?utm_source=commons.wikimedia.org&utm_campaign=imageinfo&utm_content=thumbnail,63743
110,35,Weka,Gallirallus australis,weka_485127.jpg,File:Gallirallus australis 2.jpg,CC BY 2.0,https://creativecommons.org/licenses/by/2.0,"Gallirallus_australis_1.jpg: Alan Vernon
derivative work: Berichard (talk)",Gallirallus_australis_1.jpg,,https://thumb.wikimedia.org/wikipedia/commons/thumb/7/79/Gallirallus_australis_2.jpg/500px-Gallirallus_australis_2.jpg?utm_source=commons.wikimedia.org&utm_campaign=imageinfo&utm_content=thumbnail,57465
111,36,North Island Kokako,Callaeas wilsoni,north_island_kokako_bebdff.jpg,"File:Callaeas wilsoni, Tiritiri Matangi Island 1.jpg",CC BY-SA 2.0,https://creativecommons.org/licenses/by-sa/2.0,"Duncan from Wellington, NZ",Kokako,,https://thumb.wikimedia.org/wikipedia/commons/thumb/0/0e/Callaeas_wilsoni%2C_Tiritiri_Matangi_Island_1.jpg/500px-Callaeas_wilsoni%2C_Tiritiri_Matangi_Island_1.jpg?utm_source=commons.wikimedia.org&utm_campaign=imageinfo&utm_content=thumbnail,50185
112,36,North Island Kokako,Callaeas wilsoni,north_island_kokako_4cddfa.jpg,File:Callaeas wilsoni (North Island Kokako) (48719350586).jpg,CC BY 2.0,https://creativecommons.org/licenses/by/2.0,"Auckland Museum  Collections from Auckland, Aotearoa New Zealand",Callaeas wilsoni (North Island Kokako),,https://thumb.wikimedia.org/wikipedia/commons/thumb/b/b2/Callaeas_wilsoni_%28North_Island_Kokako%29_%2848719350586%29.jpg/500px-Callaeas_wilsoni_%28North_Island_Kokako%29_%2848719350586%29.jpg?utm_source=commons.wikimedia.org&utm_campaign=imageinfo&utm_content=thumbnail,23197
113,37,Kauri Snail,Paryphanta busbyi,kauri_snail_6c27c1.jpg,File:Kauri snail Paryphanta busbyi active at night.jpg,CC BY-SA 4.0,https://creativecommons.org/licenses/by-sa/4.0,Shelley Langton-Myers,Own work,,https://thumb.wikimedia.org/wikipedia/commons/thumb/3/37/Kauri_snail_Paryphanta_busbyi_active_at_night.jpg/500px-Kauri_snail_Paryphanta_busbyi_active_at_night.jpg?utm_source=commons.wikimedia.org&utm_campaign=imageinfo&utm_content=thumbnail,73011
114,37,Kauri Snail,Paryphanta busbyi,kauri_snail_b968b7.jpg,File:Paryphanta busbyi.JPG,Public domain,,GrahamBould,Own work,,https://thumb.wikimedia.org/wikipedia/commons/thumb/a/ae/Paryphanta_busbyi.JPG/500px-Paryphanta_busbyi.JPG?utm_source=commons.wikimedia.org&utm_campaign=imageinfo&utm_content=thumbnail,45946
115,38,Powelliphanta Snail,Powelliphanta spp.,powelliphanta_snail_bfaeec.jpg,File:Powelliphanta-augusta-hero.jpg,CC BY 4.0,https://creativecommons.org/licenses/by/4.0,Kath Walker | New Zealand Department of Conservation,https://www.doc.govt.nz/nature/native-animals/invertebrates/powelliphanta-snails/,,https://thumb.wikimedia.org/wikipedia/commons/thumb/a/ac/Powelliphanta-augusta-hero.jpg/500px-Powelliphanta-augusta-hero.jpg?utm_source=commons.wikimedia.org&utm_campaign=imageinfo&utm_content=thumbnail,62536
116,38,Powelliphanta Snail,Powelliphanta spp.,powelliphanta_snail_917ab9.jpg,"File:Powelliphanta ""Augustus"".jpg",Public domain,,Alan Liefting,Own work,,https://thumb.wikimedia.org/wikipedia/commons/thumb/b/bb/Powelliphanta_%22Augustus%22.jpg/500px-Powelliphanta_%22Augustus%22.jpg?utm_source=commons.wikimedia.org&utm_campaign=imageinfo&utm_content=thumbnail,41010
117,39,Little Spotted Kiwi,Apteryx owenii,little_spotted_kiwi_0607c3.jpg,"File:Apteryx owenii - Museum of New Zealand Te Papa Tongarewa - Wellington, NZ - DSC09564.jpg",CC0,http://creativecommons.org/publicdomain/zero/1.0/deed.en,Daderot,Own work,,https://thumb.wikimedia.org/wikipedia/commons/thumb/a/af/Apteryx_owenii_-_Museum_of_New_Zealand_Te_Papa_Tongarewa_-_Wellington%2C_NZ_-_DSC09564.jpg/500px-Apteryx_owenii_-_Museum_of_New_Zealand_Te_Papa_Tongarewa_-_Wellington%2C_NZ_-_DSC09564.jpg?utm_source=commons.wikimedia.org&utm_campaign=imageinfo&utm_content=thumbnail,54451
118,39,Little Spotted Kiwi,Apteryx owenii,little_spotted_kiwi_95da98.jpg,File:Apteryx owenii 0.jpg,Public domain,,John Gerrard Keulemans,"Rowley, G.D., Ornithological Miscellany, 1875-78Earlier version from http://www.nzbirds.com/birds/kiwils.html",,https://thumb.wikimedia.org/wikipedia/commons/thumb/5/5b/Apteryx_owenii_0.jpg/500px-Apteryx_owenii_0.jpg?utm_source=commons.wikimedia.org&utm_campaign=imageinfo&utm_content=thumbnail,76294
119,40,Great Spotted Kiwi,Apteryx haastii,great_spotted_kiwi_b817d0.jpg,File:ApteryxHaastiiKeulemans.jpg,Public domain,,John Gerrard Keulemans,Ornithological Miscellany. Volume 1,,https://thumb.wikimedia.org/wikipedia/commons/thumb/d/dd/ApteryxHaastiiKeulemans.jpg/500px-ApteryxHaastiiKeulemans.jpg?utm_source=commons.wikimedia.org&utm_campaign=imageinfo&utm_content=thumbnail,77156
120,40,Great Spotted Kiwi,Apteryx haastii,great_spotted_kiwi_4503c2.jpg,File:ApteryxHaastiiMKeulemans.jpg,Public domain,,John Gerrard Keulemans,Ornithological Miscellany. Volume 1,,https://thumb.wikimedia.org/wikipedia/commons/thumb/6/6d/ApteryxHaastiiMKeulemans.jpg/500px-ApteryxHaastiiMKeulemans.jpg?utm_source=commons.wikimedia.org&utm_campaign=imageinfo&utm_content=thumbnail,91072
121,41,Rowi,Apteryx rowi,rowi_cf2d9e.jpg,File:Apteryx rowi 1.jpg,CC BY 4.0,https://creativecommons.org/licenses/by/4.0,anna-mac,https://www.inaturalist.org/photos/8633615,,https://thumb.wikimedia.org/wikipedia/commons/thumb/4/4e/Apteryx_rowi_1.jpg/500px-Apteryx_rowi_1.jpg?utm_source=commons.wikimedia.org&utm_campaign=imageinfo&utm_content=thumbnail,136920
122,41,Rowi,Apteryx rowi,rowi_1d6096.jpg,File:Apteryx rowi 2.jpg,CC BY 4.0,https://creativecommons.org/licenses/by/4.0,anna-mac,https://www.inaturalist.org/photos/8633616,,https://thumb.wikimedia.org/wikipedia/commons/thumb/2/2d/Apteryx_rowi_2.jpg/500px-Apteryx_rowi_2.jpg?utm_source=commons.wikimedia.org&utm_campaign=imageinfo&utm_content=thumbnail,77880
123,42,Rock Wren,Xenicus gilviventris,rock_wren_0ee97a.jpg,File:New Zealand Rock wren (Xenicus gilviventris).jpg,CC BY 4.0,https://creativecommons.org/licenses/by/4.0,Adventureforscience,Own work,,https://thumb.wikimedia.org/wikipedia/commons/thumb/1/1e/New_Zealand_Rock_wren_%28Xenicus_gilviventris%29.jpg/500px-New_Zealand_Rock_wren_%28Xenicus_gilviventris%29.jpg?utm_source=commons.wikimedia.org&utm_campaign=imageinfo&utm_content=thumbnail,62342
124,42,Rock Wren,Xenicus gilviventris,rock_wren_0eea8f.jpg,File:Rock wren.jpg,CC BY 2.0,https://creativecommons.org/licenses/by/2.0,Andrew,originally posted to Flickr as Rock wren,,https://thumb.wikimedia.org/wikipedia/commons/thumb/e/ed/Rock_wren.jpg/500px-Rock_wren.jpg?utm_source=commons.wikimedia.org&utm_campaign=imageinfo&utm_content=thumbnail,51312
125,43,Orange-fronted Parakeet,Cyanoramphus malherbi,orange_fronted_parakeet_152320.jpg,File:Cyanoramphus malherbi.jpg,CC BY 2.0,https://creativecommons.org/licenses/by/2.0,"Jon Sullivan from Christchurch, New Zealand","orange-crowned parakeet (kakariki)Uploaded by Richard001",,https://thumb.wikimedia.org/wikipedia/commons/thumb/0/0e/Cyanoramphus_malherbi.jpg/500px-Cyanoramphus_malherbi.jpg?utm_source=commons.wikimedia.org&utm_campaign=imageinfo&utm_content=thumbnail,69242
126,43,Orange-fronted Parakeet,Cyanoramphus malherbi,orange_fronted_parakeet_b61a23.jpg,File:Cyanoramphus malherbi (AM LB4179).jpg,CC BY 4.0,https://creativecommons.org/licenses/by/4.0,,"API data
Catalogue recordPhoto",,https://thumb.wikimedia.org/wikipedia/commons/thumb/6/6a/Cyanoramphus_malherbi_%28AM_LB4179%29.jpg/500px-Cyanoramphus_malherbi_%28AM_LB4179%29.jpg?utm_source=commons.wikimedia.org&utm_campaign=imageinfo&utm_content=thumbnail,22870
127,44,New Zealand Dotterel,Charadrius obscurus,new_zealand_dotterel_3e26c0.jpg,File:Charadrius obscurus aquilonius - Point Chevalier.jpg,CC BY-SA 4.0,https://creativecommons.org/licenses/by-sa/4.0,JJ Harrison (https://www.jjharrison.com.au/),Own work,,https://thumb.wikimedia.org/wikipedia/commons/thumb/7/7e/Charadrius_obscurus_aquilonius_-_Point_Chevalier.jpg/500px-Charadrius_obscurus_aquilonius_-_Point_Chevalier.jpg?utm_source=commons.wikimedia.org&utm_campaign=imageinfo&utm_content=thumbnail,18928
128,44,New Zealand Dotterel,Charadrius obscurus,new_zealand_dotterel_56905b.jpg,File:Charadrius obscurus aquilonius 11769405.jpg,CC BY 4.0,https://creativecommons.org/licenses/by/4.0,Shaun Lee,https://www.inaturalist.org/photos/11769405,,https://thumb.wikimedia.org/wikipedia/commons/thumb/3/36/Charadrius_obscurus_aquilonius_11769405.jpg/500px-Charadrius_obscurus_aquilonius_11769405.jpg?utm_source=commons.wikimedia.org&utm_campaign=imageinfo&utm_content=thumbnail,48850
129,45,Australasian Bittern,Botaurus poiciloptilus,australasian_bittern_9f093a.jpg,File:Botaurus poiciloptilus 109283475.jpg,CC BY-SA 4.0,https://creativecommons.org/licenses/by-sa/4.0,Christopher Stephens,https://www.inaturalist.org/photos/109283475,,https://thumb.wikimedia.org/wikipedia/commons/thumb/5/5d/Botaurus_poiciloptilus_109283475.jpg/500px-Botaurus_poiciloptilus_109283475.jpg?utm_source=commons.wikimedia.org&utm_campaign=imageinfo&utm_content=thumbnail,47024
130,45,Australasian Bittern,Botaurus poiciloptilus,australasian_bittern_6abf17.jpg,File:Botaurus poiciloptilus 109284574.jpg,CC BY-SA 4.0,https://creativecommons.org/licenses/by-sa/4.0,Christopher Stephens,https://www.inaturalist.org/photos/109284574,,https://thumb.wikimedia.org/wikipedia/commons/thumb/4/4c/Botaurus_poiciloptilus_109284574.jpg/500px-Botaurus_poiciloptilus_109284574.jpg?utm_source=commons.wikimedia.org&utm_campaign=imageinfo&utm_content=thumbnail,76029
131,46,Giant Weta,Deinacrida heteracantha,giant_weta_08d9ce.jpg,File:Deinacrida heteracantha (Giant weta; Wētā punga) (48723186043).jpg,CC BY 2.0,https://creativecommons.org/licenses/by/2.0,"Auckland Museum  Collections from Auckland, Aotearoa New Zealand",Deinacrida heteracantha (Giant weta; Wētā punga),,https://thumb.wikimedia.org/wikipedia/commons/thumb/e/e9/Deinacrida_heteracantha_%28Giant_weta%3B_W%C4%93t%C4%81_punga%29_%2848723186043%29.jpg/500px-Deinacrida_heteracantha_%28Giant_weta%3B_W%C4%93t%C4%81_punga%29_%2848723186043%29.jpg?utm_source=commons.wikimedia.org&utm_campaign=imageinfo&utm_content=thumbnail,33970
132,46,Giant Weta,Deinacrida heteracantha,giant_weta_aa086c.jpg,File:Deinacrida heteracantha (Giant weta; Wētā punga) (48723527326).jpg,CC BY 2.0,https://creativecommons.org/licenses/by/2.0,"Auckland Museum  Collections from Auckland, Aotearoa New Zealand",Deinacrida heteracantha (Giant weta; Wētā punga),,https://thumb.wikimedia.org/wikipedia/commons/thumb/c/cf/Deinacrida_heteracantha_%28Giant_weta%3B_W%C4%93t%C4%81_punga%29_%2848723527326%29.jpg/500px-Deinacrida_heteracantha_%28Giant_weta%3B_W%C4%93t%C4%81_punga%29_%2848723527326%29.jpg?utm_source=commons.wikimedia.org&utm_campaign=imageinfo&utm_content=thumbnail,34608
133,47,Tui,Prosthemadera novaeseelandiae,tui_48a67b.jpg,File:Prosthemadera novaeseelandiae (44630917632).jpg,CC BY 2.0,https://creativecommons.org/licenses/by/2.0,"Donald Hobern from Copenhagen, Denmark",Prosthemadera novaeseelandiae,,https://thumb.wikimedia.org/wikipedia/commons/thumb/0/07/Prosthemadera_novaeseelandiae_%2844630917632%29.jpg/500px-Prosthemadera_novaeseelandiae_%2844630917632%29.jpg?utm_source=commons.wikimedia.org&utm_campaign=imageinfo&utm_content=thumbnail,119474
134,47,Tui,Prosthemadera novaeseelandiae,tui_3ba3f3.jpg,File:Prosthemadera novaeseelandiae (44630918812).jpg,CC BY 2.0,https://creativecommons.org/licenses/by/2.0,"Donald Hobern from Copenhagen, Denmark",Prosthemadera novaeseelandiae,,https://thumb.wikimedia.org/wikipedia/commons/thumb/7/7f/Prosthemadera_novaeseelandiae_%2844630918812%29.jpg/500px-Prosthemadera_novaeseelandiae_%2844630918812%29.jpg?utm_source=commons.wikimedia.org&utm_campaign=imageinfo&utm_content=thumbnail,7900
135,48,Fantail,Rhipidura fuliginosa,fantail_8fea7d.jpg,File:New Zealand Fantail sitting.jpg,CC BY 2.0,https://creativecommons.org/licenses/by/2.0,https://www.flickr.com/photos/chingsters/,https://www.flickr.com/photos/chingsters/2067358292/,,https://thumb.wikimedia.org/wikipedia/commons/thumb/7/71/New_Zealand_Fantail_sitting.jpg/500px-New_Zealand_Fantail_sitting.jpg?utm_source=commons.wikimedia.org&utm_campaign=imageinfo&utm_content=thumbnail,50343
136,48,Fantail,Rhipidura fuliginosa,fantail_aea3c1.jpg,File:New Zealand fantail (Piwakawaka).jpg,CC0,http://creativecommons.org/publicdomain/zero/1.0/deed.en,HuntaWaerea,Own work,,https://thumb.wikimedia.org/wikipedia/commons/thumb/b/b9/New_Zealand_fantail_%28Piwakawaka%29.jpg/500px-New_Zealand_fantail_%28Piwakawaka%29.jpg?utm_source=commons.wikimedia.org&utm_campaign=imageinfo&utm_content=thumbnail,29818
137,49,Bellbird,Anthornis melanura,bellbird_675df1.jpg,File:Anthornis melanura -New Zealand-8.jpg,CC BY 2.0,https://creativecommons.org/licenses/by/2.0,Sid Mosdell from New Zealand,Bellbird,,https://thumb.wikimedia.org/wikipedia/commons/thumb/f/f8/Anthornis_melanura_-New_Zealand-8.jpg/500px-Anthornis_melanura_-New_Zealand-8.jpg?utm_source=commons.wikimedia.org&utm_campaign=imageinfo&utm_content=thumbnail,50965
138,49,Bellbird,Anthornis melanura,bellbird_69ea92.jpg,File:Anthornis melanura 25470849.jpg,CC BY-SA 4.0,https://creativecommons.org/licenses/by-sa/4.0,Jacob Littlejohn,https://www.inaturalist.org/photos/25470849,,https://thumb.wikimedia.org/wikipedia/commons/thumb/1/1d/Anthornis_melanura_25470849.jpg/500px-Anthornis_melanura_25470849.jpg?utm_source=commons.wikimedia.org&utm_campaign=imageinfo&utm_content=thumbnail,55779
139,50,Silvereye,Zosterops lateralis,silvereye_fe7a9b.jpg,"File:Naturalis Biodiversity Center - RMNH.AVES.47554 1 - Zosterops lateralis lateralis (Latham, 1801) - Zosteropidae - bird skin specimen.jpeg",CC0,http://creativecommons.org/publicdomain/zero/1.0/deed.en,"Latham, 1801","Naturalis Biodiversity Center
",,https://thumb.wikimedia.org/wikipedia/commons/thumb/6/61/Naturalis_Biodiversity_Center_-_RMNH.AVES.47554_1_-_Zosterops_lateralis_lateralis_%28Latham%2C_1801%29_-_Zosteropidae_-_bird_skin_specimen.jpeg/500px-Naturalis_Biodiversity_Center_-_RMNH.AVES.47554_1_-_Zosterops_lateralis_lateralis_%28Latham%2C_1801%29_-_Zosteropidae_-_bird_skin_specimen.jpeg?utm_source=commons.wikimedia.org&utm_campaign=imageinfo&utm_content=thumbnail,52424
140,50,Silvereye,Zosterops lateralis,silvereye_3012a6.jpg,File:Silver eyes. (Wax eye) - Flickr - Bernard Spragg.jpg,CC0,http://creativecommons.org/publicdomain/zero/1.0/deed.en,"Bernard Spragg. NZ from Christchurch, New Zealand",Silver eyes. (Wax eye),,https://thumb.wikimedia.org/wikipedia/commons/thumb/8/80/Silver_eyes._%28Wax_eye%29_-_Flickr_-_Bernard_Spragg.jpg/500px-Silver_eyes._%28Wax_eye%29_-_Flickr_-_Bernard_Spragg.jpg?utm_source=commons.wikimedia.org&utm_campaign=imageinfo&utm_content=thumbnail,34544
141,51,Huia,Heteralocha acutirostris,huia_63ccd1.jpg,File:Heteralocha acutirostris (huia) (48719264223).jpg,CC BY 2.0,https://creativecommons.org/licenses/by/2.0,"Auckland Museum  Collections from Auckland, Aotearoa New Zealand",Heteralocha acutirostris (huia),,https://thumb.wikimedia.org/wikipedia/commons/thumb/a/a2/Heteralocha_acutirostris_%28huia%29_%2848719264223%29.jpg/500px-Heteralocha_acutirostris_%28huia%29_%2848719264223%29.jpg?utm_source=commons.wikimedia.org&utm_campaign=imageinfo&utm_content=thumbnail,14974
142,51,Huia,Heteralocha acutirostris,huia_8161cf.jpg,File:Heteralocha acutirostris (huia) (48719769962).jpg,CC BY 2.0,https://creativecommons.org/licenses/by/2.0,"Auckland Museum  Collections from Auckland, Aotearoa New Zealand",Heteralocha acutirostris (huia),,https://thumb.wikimedia.org/wikipedia/commons/thumb/0/06/Heteralocha_acutirostris_%28huia%29_%2848719769962%29.jpg/500px-Heteralocha_acutirostris_%28huia%29_%2848719769962%29.jpg?utm_source=commons.wikimedia.org&utm_campaign=imageinfo&utm_content=thumbnail,21910
143,52,South Island Kokako,Callaeas cinereus,south_island_kokako_2c20b7.jpg,File:Buller Kokako.jpg,Public domain,,"By J. G. Keulemans, in W.L. Buller's A History of the Birds of New Zealand. 2nd edition. Published 1888.","http://www.nzbirds.com/Buller2ndKokakoLg.html, rotated slightly to vertical.",,https://thumb.wikimedia.org/wikipedia/commons/thumb/5/5f/Buller_Kokako.jpg/500px-Buller_Kokako.jpg?utm_source=commons.wikimedia.org&utm_campaign=imageinfo&utm_content=thumbnail,104987
144,52,South Island Kokako,Callaeas cinereus,south_island_kokako_eeaaac.jpg,File:Callaeas cinerea (AM LB8554-7).jpg,CC BY 4.0,https://creativecommons.org/licenses/by/4.0,,"API data Catalogue record Photo",,https://thumb.wikimedia.org/wikipedia/commons/thumb/2/2b/Callaeas_cinerea_%28AM_LB8554-7%29.jpg/500px-Callaeas_cinerea_%28AM_LB8554-7%29.jpg?utm_source=commons.wikimedia.org&utm_campaign=imageinfo&utm_content=thumbnail,45410
145,53,Laughing Owl,Ninox albifacies,laughing_owl_9c7a91.jpg,File:OR001778 Ninox albifacies albifacies Te Papa 630296 263370.jpg,CC BY 4.0,https://creativecommons.org/licenses/by/4.0,Museum of New Zealand Te Papa Tongarewa,https://collections.tepapa.govt.nz/object/630296,,https://thumb.wikimedia.org/wikipedia/commons/thumb/2/21/OR001778_Ninox_albifacies_albifacies_Te_Papa_630296_263370.jpg/500px-OR001778_Ninox_albifacies_albifacies_Te_Papa_630296_263370.jpg?utm_source=commons.wikimedia.org&utm_campaign=imageinfo&utm_content=thumbnail,23055
146,53,Laughing Owl,Ninox albifacies,laughing_owl_d49ecd.jpg,File:OR001778 Ninox albifacies albifacies Te Papa 630296 263372.jpg,CC BY 4.0,https://creativecommons.org/licenses/by/4.0,Museum of New Zealand Te Papa Tongarewa,https://collections.tepapa.govt.nz/object/630296,,https://thumb.wikimedia.org/wikipedia/commons/thumb/0/0e/OR001778_Ninox_albifacies_albifacies_Te_Papa_630296_263372.jpg/500px-OR001778_Ninox_albifacies_albifacies_Te_Papa_630296_263372.jpg?utm_source=commons.wikimedia.org&utm_campaign=imageinfo&utm_content=thumbnail,27051
147,55,Moa,Dinornithiformes,moa_6234b2.jpg,File:Eltanin Impact.jpg,CC BY 4.0,https://creativecommons.org/licenses/by/4.0,YellowPanda2001,Own work,,https://thumb.wikimedia.org/wikipedia/commons/thumb/4/49/Eltanin_Impact.jpg/500px-Eltanin_Impact.jpg?utm_source=commons.wikimedia.org&utm_campaign=imageinfo&utm_content=thumbnail,26564
148,55,Moa,Dinornithiformes,moa_79d08f.jpg,File:Giant Haasts eagle attacking New Zealand moa.jpg,CC BY 2.5,https://creativecommons.org/licenses/by/2.5,John Megahan,Ancient DNA Tells Story of Giant Eagle Evolution. PLoS Biol 3(1): e20. doi:10.1371/journal.pbio.0030020.g001,,https://thumb.wikimedia.org/wikipedia/commons/thumb/2/2d/Giant_Haasts_eagle_attacking_New_Zealand_moa.jpg/500px-Giant_Haasts_eagle_attacking_New_Zealand_moa.jpg?utm_source=commons.wikimedia.org&utm_campaign=imageinfo&utm_content=thumbnail,100684
